index,model1,dataset1,gpu_num1,batch_size1,speed1,co_pipeline_rank,pipeline_strategy,model2,dataset2,gpu_num2,batch_size2,speed2
0,Bert-Large,WikiText,2,256/16,0.78,NA,"10,14",Empty,NA,0,0,0.0
1,Bert-Large,WikiText,2,256/16,0.71,NA,"8,16",Empty,NA,0,0,0.0
2,Bert-Large,WikiText,2,256/16,0.64,NA,"6,18",Empty,NA,0,0,0.0
3,Bert-Large,WikiText,2,256/16,0.88,NA,"12,12",Empty,NA,0,0,0.0
4,Bert-Large,WikiText,2,256/16,0.97,NA,"14,10",Empty,NA,0,0,0.0
5,Bert-Large,WikiText,2,256/16,0.89,NA,"16,8",Empty,NA,0,0,0.0
6,Bert-Large,WikiText,2,256/16,0.81,NA,"18,6",Empty,NA,0,0,0.0
7,Bert-Large,WikiText,4,256/16,0.67,NA,"6,6,6,6",Empty,NA,0,0,0.0
8,Bert-Large,WikiText,4,256/16,0.69,NA,"4,8,8,4",Empty,NA,0,0,0.0
9,Bert-Large,WikiText,4,256/16,0.66,NA,"2,8,8,6",Empty,NA,0,0,0.0
10,Bert-Large,WikiText,4,256/16,0.65,NA,"2,10,10,2",Empty,NA,0,0,0.0
11,GPT2-Medium,WikiText,2,512/8,0.78,NA,"10,14",Empty,NA,0,0,0.0
12,GPT2-Medium,WikiText,2,512/8,0.7,NA,"8,16",Empty,NA,0,0,0.0
13,GPT2-Medium,WikiText,2,512/8,0.64,NA,"6,18",Empty,NA,0,0,0.0
14,GPT2-Medium,WikiText,2,512/8,0.89,NA,"12,12",Empty,NA,0,0,0.0
15,GPT2-Medium,WikiText,2,512/8,0.96,NA,"14,10",Empty,NA,0,0,0.0
16,GPT2-Medium,WikiText,2,512/8,0.85,NA,"16,8",Empty,NA,0,0,0.0
17,GPT2-Medium,WikiText,2,512/8,0.76,NA,"18,6",Empty,NA,0,0,0.0
18,GPT2-Medium,WikiText,4,512/8,0.71,NA,"6,6,6,6",Empty,NA,0,0,0.0
19,GPT2-Medium,WikiText,4,512/8,0.82,NA,"4,8,8,4",Empty,NA,0,0,0.0
20,GPT2-Medium,WikiText,4,512/8,0.71,NA,"2,8,8,6",Empty,NA,0,0,0.0
21,GPT2-Medium,WikiText,4,512/8,0.67,NA,"2,10,10,2",Empty,NA,0,0,0.0
22,Bert-Large,WikiText,2,256/32,0.73,NA,TP24,Empty,NA,0,0,0.0
23,Bert-Large,WikiText,4,256/64,0.65,NA,TP24,Empty,NA,0,0,0.0
24,GPT2-Medium,WikiText,2,512/16,0.76,NA,TP24,Empty,NA,0,0,0.0
25,GPT2-Medium,WikiText,4,512/32,0.67,NA,TP24,Empty,NA,0,0,0.0
26,Bert-Large,WikiText,2,256/16,1.0,NA,DP24,Empty,NA,0,0,0.0
27,Bert-Large,WikiText,4,256/16,1.0,NA,DP24,Empty,NA,0,0,0.0
28,GPT2-Medium,WikiText,2,512/8,1.0,NA,DP24,Empty,NA,0,0,0.0
29,GPT2-Medium,WikiText,4,512/8,1.0,NA,DP24,Empty,NA,0,0,0.0
30,Bert-Large,WikiText,2,256/16,0.61,"0,1","10,14",resnet50,ImageNet,2,32,0.6
31,Bert-Large,WikiText,2,256/16,0.48,"0,1","10,14",resnet50,ImageNet,2,64,0.72
32,Bert-Large,WikiText,2,256/16,0.43,"0,1","10,14",resnet50,ImageNet,2,128,0.84
33,Bert-Large,WikiText,2,256/16,0.35,"0,1","10,14",vgg19,ImageNet,2,32,0.79
34,Bert-Large,WikiText,2,256/16,0.27,"0,1","10,14",vgg19,ImageNet,2,64,0.85
35,Bert-Large,WikiText,2,256/16,0.2,"0,1","10,14",vgg19,ImageNet,2,128,0.92
36,Bert-Large,WikiText,2,256/16,0.71,"0,1","10,14",DCGAN,LSUN,2,32,0.75
37,Bert-Large,WikiText,2,256/16,0.7,"0,1","10,14",DCGAN,LSUN,2,64,0.75
38,Bert-Large,WikiText,2,256/16,0.66,"0,1","10,14",DCGAN,LSUN,2,128,0.75
39,Bert-Large,WikiText,2,256/16,0.52,"0,1","10,14",PointNet,ShapeNet,2,32,0.84
40,Bert-Large,WikiText,2,256/16,0.4,"0,1","10,14",PointNet,ShapeNet,2,64,0.95
41,Bert-Large,WikiText,2,256/16,0.31,"0,1","10,14",PointNet,ShapeNet,2,128,0.97
42,Bert-Large,WikiText,2,256/16,0.51,"0,1","8,16",resnet50,ImageNet,2,32,0.74
43,Bert-Large,WikiText,2,256/16,0.44,"0,1","8,16",resnet50,ImageNet,2,64,0.8
44,Bert-Large,WikiText,2,256/16,0.37,"0,1","8,16",resnet50,ImageNet,2,128,0.88
45,Bert-Large,WikiText,2,256/16,0.33,"0,1","8,16",vgg19,ImageNet,2,32,0.82
46,Bert-Large,WikiText,2,256/16,0.24,"0,1","8,16",vgg19,ImageNet,2,64,0.86
47,Bert-Large,WikiText,2,256/16,0.17,"0,1","8,16",vgg19,ImageNet,2,128,0.89
48,Bert-Large,WikiText,2,256/16,0.65,"0,1","8,16",DCGAN,LSUN,2,32,0.88
49,Bert-Large,WikiText,2,256/16,0.62,"0,1","8,16",DCGAN,LSUN,2,64,0.92
50,Bert-Large,WikiText,2,256/16,0.6,"0,1","8,16",DCGAN,LSUN,2,128,0.88
51,Bert-Large,WikiText,2,256/16,0.47,"0,1","8,16",PointNet,ShapeNet,2,32,0.93
52,Bert-Large,WikiText,2,256/16,0.35,"0,1","8,16",PointNet,ShapeNet,2,64,0.99
53,Bert-Large,WikiText,2,256/16,0.27,"0,1","8,16",PointNet,ShapeNet,2,128,1.0
54,Bert-Large,WikiText,2,256/16,0.46,"0,1","6,18",resnet50,ImageNet,2,32,0.79
55,Bert-Large,WikiText,2,256/16,0.4,"0,1","6,18",resnet50,ImageNet,2,64,0.83
56,Bert-Large,WikiText,2,256/16,0.34,"0,1","6,18",resnet50,ImageNet,2,128,0.92
57,Bert-Large,WikiText,2,256/16,0.3,"0,1","6,18",vgg19,ImageNet,2,32,0.85
58,Bert-Large,WikiText,2,256/16,0.22,"0,1","6,18",vgg19,ImageNet,2,64,0.86
59,Bert-Large,WikiText,2,256/16,0.0,"0,1","6,18",vgg19,ImageNet,2,128,0.0
60,Bert-Large,WikiText,2,256/16,0.59,"0,1","6,18",DCGAN,LSUN,2,32,0.95
61,Bert-Large,WikiText,2,256/16,0.57,"0,1","6,18",DCGAN,LSUN,2,64,0.93
62,Bert-Large,WikiText,2,256/16,0.54,"0,1","6,18",DCGAN,LSUN,2,128,0.96
63,Bert-Large,WikiText,2,256/16,0.43,"0,1","6,18",PointNet,ShapeNet,2,32,0.99
64,Bert-Large,WikiText,2,256/16,0.37,"0,1","6,18",PointNet,ShapeNet,2,64,1.0
65,Bert-Large,WikiText,2,256/16,0.27,"0,1","6,18",PointNet,ShapeNet,2,128,1.0
66,Bert-Large,WikiText,2,256/16,0.62,"0,1","12,12",resnet50,ImageNet,2,32,0.5
67,Bert-Large,WikiText,2,256/16,0.55,"0,1","12,12",resnet50,ImageNet,2,64,0.63
68,Bert-Large,WikiText,2,256/16,0.48,"0,1","12,12",resnet50,ImageNet,2,128,0.74
69,Bert-Large,WikiText,2,256/16,0.4,"0,1","12,12",vgg19,ImageNet,2,32,0.74
70,Bert-Large,WikiText,2,256/16,0.3,"0,1","12,12",vgg19,ImageNet,2,64,0.84
71,Bert-Large,WikiText,2,256/16,0.0,"0,1","12,12",vgg19,ImageNet,2,128,0.0
72,Bert-Large,WikiText,2,256/16,0.8,"0,1","12,12",DCGAN,LSUN,2,32,0.64
73,Bert-Large,WikiText,2,256/16,0.78,"0,1","12,12",DCGAN,LSUN,2,64,0.64
74,Bert-Large,WikiText,2,256/16,0.74,"0,1","12,12",DCGAN,LSUN,2,128,0.63
75,Bert-Large,WikiText,2,256/16,0.59,"0,1","12,12",PointNet,ShapeNet,2,32,0.73
76,Bert-Large,WikiText,2,256/16,0.49,"0,1","12,12",PointNet,ShapeNet,2,64,0.83
77,Bert-Large,WikiText,2,256/16,0.32,"0,1","12,12",PointNet,ShapeNet,2,128,0.93
78,Bert-Large,WikiText,2,256/16,0.65,"0,1","14,10",resnet50,ImageNet,2,32,0.42
79,Bert-Large,WikiText,2,256/16,0.59,"0,1","14,10",resnet50,ImageNet,2,64,0.56
80,Bert-Large,WikiText,2,256/16,0.46,"0,1","14,10",resnet50,ImageNet,2,128,0.71
81,Bert-Large,WikiText,2,256/16,0.43,"0,1","14,10",vgg19,ImageNet,2,32,0.72
82,Bert-Large,WikiText,2,256/16,0.29,"0,1","14,10",vgg19,ImageNet,2,64,0.84
83,Bert-Large,WikiText,2,256/16,0.22,"0,1","14,10",vgg19,ImageNet,2,128,0.91
84,Bert-Large,WikiText,2,256/16,0.88,"0,1","14,10",DCGAN,LSUN,2,32,0.47
85,Bert-Large,WikiText,2,256/16,0.85,"0,1","14,10",DCGAN,LSUN,2,64,0.47
86,Bert-Large,WikiText,2,256/16,0.8,"0,1","14,10",DCGAN,LSUN,2,128,0.5
87,Bert-Large,WikiText,2,256/16,0.62,"0,1","14,10",PointNet,ShapeNet,2,32,0.62
88,Bert-Large,WikiText,2,256/16,0.46,"0,1","14,10",PointNet,ShapeNet,2,64,0.8
89,Bert-Large,WikiText,2,256/16,0.33,"0,1","14,10",PointNet,ShapeNet,2,128,0.9
90,Bert-Large,WikiText,2,256/16,0.62,"0,1","16,8",resnet50,ImageNet,2,32,0.43
91,Bert-Large,WikiText,2,256/16,0.54,"0,1","16,8",resnet50,ImageNet,2,64,0.54
92,Bert-Large,WikiText,2,256/16,0.43,"0,1","16,8",resnet50,ImageNet,2,128,0.7
93,Bert-Large,WikiText,2,256/16,0.38,"0,1","16,8",vgg19,ImageNet,2,32,0.71
94,Bert-Large,WikiText,2,256/16,0.29,"0,1","16,8",vgg19,ImageNet,2,64,0.82
95,Bert-Large,WikiText,2,256/16,0.19,"0,1","16,8",vgg19,ImageNet,2,128,0.92
96,Bert-Large,WikiText,2,256/16,0.79,"0,1","16,8",DCGAN,LSUN,2,32,0.44
97,Bert-Large,WikiText,2,256/16,0.77,"0,1","16,8",DCGAN,LSUN,2,64,0.45
98,Bert-Large,WikiText,2,256/16,0.73,"0,1","16,8",DCGAN,LSUN,2,128,0.48
99,Bert-Large,WikiText,2,256/16,0.57,"0,1","16,8",PointNet,ShapeNet,2,32,0.61
100,Bert-Large,WikiText,2,256/16,0.42,"0,1","16,8",PointNet,ShapeNet,2,64,0.79
101,Bert-Large,WikiText,2,256/16,0.31,"0,1","16,8",PointNet,ShapeNet,2,128,0.9
102,Bert-Large,WikiText,2,256/16,0.56,"0,1","18,6",resnet50,ImageNet,2,32,0.42
103,Bert-Large,WikiText,2,256/16,0.46,"0,1","18,6",resnet50,ImageNet,2,64,0.52
104,Bert-Large,WikiText,2,256/16,0.0,"0,1","18,6",resnet50,ImageNet,2,128,0.0
105,Bert-Large,WikiText,2,256/16,0.33,"0,1","18,6",vgg19,ImageNet,2,32,0.73
106,Bert-Large,WikiText,2,256/16,0.27,"0,1","18,6",vgg19,ImageNet,2,64,0.81
107,Bert-Large,WikiText,2,256/16,0.0,"0,1","18,6",vgg19,ImageNet,2,128,0.0
108,Bert-Large,WikiText,2,256/16,0.73,"0,1","18,6",DCGAN,LSUN,2,32,0.42
109,Bert-Large,WikiText,2,256/16,0.7,"0,1","18,6",DCGAN,LSUN,2,64,0.43
110,Bert-Large,WikiText,2,256/16,0.66,"0,1","18,6",DCGAN,LSUN,2,128,0.46
111,Bert-Large,WikiText,2,256/16,0.51,"0,1","18,6",PointNet,ShapeNet,2,32,0.6
112,Bert-Large,WikiText,2,256/16,0.39,"0,1","18,6",PointNet,ShapeNet,2,64,0.79
113,Bert-Large,WikiText,2,256/16,0.0,"0,1","18,6",PointNet,ShapeNet,2,128,0.0
114,Bert-Large,WikiText,4,256/16,0.54,"0,1,2,3","6,6,6,6",resnet50,ImageNet,4,32,0.62
115,Bert-Large,WikiText,4,256/16,0.47,"0,1,2,3","6,6,6,6",resnet50,ImageNet,4,64,0.75
116,Bert-Large,WikiText,4,256/16,0.39,"0,1,2,3","6,6,6,6",resnet50,ImageNet,4,128,0.79
117,Bert-Large,WikiText,4,256/16,0.33,"0,1,2,3","6,6,6,6",vgg19,ImageNet,4,32,0.75
118,Bert-Large,WikiText,4,256/16,0.25,"0,1,2,3","6,6,6,6",vgg19,ImageNet,4,64,0.84
119,Bert-Large,WikiText,4,256/16,0.0,"0,1,2,3","6,6,6,6",vgg19,ImageNet,4,128,0.0
120,Bert-Large,WikiText,4,256/16,0.62,"0,1,2,3","6,6,6,6",DCGAN,LSUN,4,32,0.69
121,Bert-Large,WikiText,4,256/16,0.6,"0,1,2,3","6,6,6,6",DCGAN,LSUN,4,64,0.64
122,Bert-Large,WikiText,4,256/16,0.59,"0,1,2,3","6,6,6,6",DCGAN,LSUN,4,128,0.79
123,Bert-Large,WikiText,4,256/16,0.48,"0,1,2,3","6,6,6,6",PointNet,ShapeNet,4,32,0.85
124,Bert-Large,WikiText,4,256/16,0.4,"0,1,2,3","6,6,6,6",PointNet,ShapeNet,4,64,0.85
125,Bert-Large,WikiText,4,256/16,0.27,"0,1,2,3","6,6,6,6",PointNet,ShapeNet,4,128,0.99
126,Bert-Large,WikiText,4,256/16,0.0,"0,1,2,3","4,8,8,4",resnet50,ImageNet,4,32,0.0
127,Bert-Large,WikiText,4,256/16,0.49,"0,1,2,3","4,8,8,4",resnet50,ImageNet,4,64,0.86
128,Bert-Large,WikiText,4,256/16,0.39,"0,1,2,3","4,8,8,4",resnet50,ImageNet,4,128,0.86
129,Bert-Large,WikiText,4,256/16,0.33,"0,1,2,3","4,8,8,4",vgg19,ImageNet,4,32,0.79
130,Bert-Large,WikiText,4,256/16,0.24,"0,1,2,3","4,8,8,4",vgg19,ImageNet,4,64,0.85
131,Bert-Large,WikiText,4,256/16,0.0,"0,1,2,3","4,8,8,4",vgg19,ImageNet,4,128,0.0
132,Bert-Large,WikiText,4,256/16,0.66,"0,1,2,3","4,8,8,4",DCGAN,LSUN,4,32,0.77
133,Bert-Large,WikiText,4,256/16,0.65,"0,1,2,3","4,8,8,4",DCGAN,LSUN,4,64,0.77
134,Bert-Large,WikiText,4,256/16,0.63,"0,1,2,3","4,8,8,4",DCGAN,LSUN,4,128,0.9
135,Bert-Large,WikiText,4,256/16,0.5,"0,1,2,3","4,8,8,4",PointNet,ShapeNet,4,32,0.94
136,Bert-Large,WikiText,4,256/16,0.39,"0,1,2,3","4,8,8,4",PointNet,ShapeNet,4,64,0.94
137,Bert-Large,WikiText,4,256/16,0.26,"0,1,2,3","4,8,8,4",PointNet,ShapeNet,4,128,1.0
138,Bert-Large,WikiText,4,256/16,0.55,"0,1,2,3","2,8,8,6",resnet50,ImageNet,4,32,0.8
139,Bert-Large,WikiText,4,256/16,0.46,"0,1,2,3","2,8,8,6",resnet50,ImageNet,4,64,0.95
140,Bert-Large,WikiText,4,256/16,0.38,"0,1,2,3","2,8,8,6",resnet50,ImageNet,4,128,0.92
141,Bert-Large,WikiText,4,256/16,0.32,"0,1,2,3","2,8,8,6",vgg19,ImageNet,4,32,0.83
142,Bert-Large,WikiText,4,256/16,0.24,"0,1,2,3","2,8,8,6",vgg19,ImageNet,4,64,0.84
143,Bert-Large,WikiText,4,256/16,0.0,"0,1,2,3","2,8,8,6",vgg19,ImageNet,4,128,0.0
144,Bert-Large,WikiText,4,256/16,0.62,"0,1,2,3","2,8,8,6",DCGAN,LSUN,4,32,0.9
145,Bert-Large,WikiText,4,256/16,0.6,"0,1,2,3","2,8,8,6",DCGAN,LSUN,4,64,0.92
146,Bert-Large,WikiText,4,256/16,0.58,"0,1,2,3","2,8,8,6",DCGAN,LSUN,4,128,1.0
147,Bert-Large,WikiText,4,256/16,0.48,"0,1,2,3","2,8,8,6",PointNet,ShapeNet,4,32,1.0
148,Bert-Large,WikiText,4,256/16,0.37,"0,1,2,3","2,8,8,6",PointNet,ShapeNet,4,64,1.0
149,Bert-Large,WikiText,4,256/16,0.26,"0,1,2,3","2,8,8,6",PointNet,ShapeNet,4,128,1.0
150,Bert-Large,WikiText,4,256/16,0.5,"0,1,2,3","2,10,10,2",resnet50,ImageNet,4,32,0.81
151,Bert-Large,WikiText,4,256/16,0.41,"0,1,2,3","2,10,10,2",resnet50,ImageNet,4,64,0.97
152,Bert-Large,WikiText,4,256/16,0.33,"0,1,2,3","2,10,10,2",resnet50,ImageNet,4,128,0.89
153,Bert-Large,WikiText,4,256/16,0.29,"0,1,2,3","2,10,10,2",vgg19,ImageNet,4,32,0.82
154,Bert-Large,WikiText,4,256/16,0.2,"0,1,2,3","2,10,10,2",vgg19,ImageNet,4,64,0.85
155,Bert-Large,WikiText,4,256/16,0.0,"0,1,2,3","2,10,10,2",vgg19,ImageNet,4,128,0.0
156,Bert-Large,WikiText,4,256/16,0.6,"0,1,2,3","2,10,10,2",DCGAN,LSUN,4,32,0.93
157,Bert-Large,WikiText,4,256/16,0.59,"0,1,2,3","2,10,10,2",DCGAN,LSUN,4,64,0.87
158,Bert-Large,WikiText,4,256/16,0.56,"0,1,2,3","2,10,10,2",DCGAN,LSUN,4,128,1.0
159,Bert-Large,WikiText,4,256/16,0.43,"0,1,2,3","2,10,10,2",PointNet,ShapeNet,4,32,1.0
160,Bert-Large,WikiText,4,256/16,0.33,"0,1,2,3","2,10,10,2",PointNet,ShapeNet,4,64,0.99
161,Bert-Large,WikiText,4,256/16,0.26,"0,1,2,3","2,10,10,2",PointNet,ShapeNet,4,128,1.0
162,GPT2-Medium,WikiText,2,512/8,0.57,"0,1","10,14",resnet50,ImageNet,2,32,0.57
163,GPT2-Medium,WikiText,2,512/8,0.54,"0,1","10,14",resnet50,ImageNet,2,64,0.65
164,GPT2-Medium,WikiText,2,512/8,0.43,"0,1","10,14",resnet50,ImageNet,2,128,0.78
165,GPT2-Medium,WikiText,2,512/8,0.42,"0,1","10,14",vgg19,ImageNet,2,32,0.73
166,GPT2-Medium,WikiText,2,512/8,0.36,"0,1","10,14",vgg19,ImageNet,2,64,0.83
167,GPT2-Medium,WikiText,2,512/8,0.21,"0,1","10,14",vgg19,ImageNet,2,128,0.9
168,GPT2-Medium,WikiText,2,512/8,0.73,"0,1","10,14",DCGAN,LSUN,2,32,0.7
169,GPT2-Medium,WikiText,2,512/8,0.71,"0,1","10,14",DCGAN,LSUN,2,64,0.74
170,GPT2-Medium,WikiText,2,512/8,0.68,"0,1","10,14",DCGAN,LSUN,2,128,0.72
171,GPT2-Medium,WikiText,2,512/8,0.56,"0,1","10,14",PointNet,ShapeNet,2,32,0.78
172,GPT2-Medium,WikiText,2,512/8,0.5,"0,1","10,14",PointNet,ShapeNet,2,64,0.85
173,GPT2-Medium,WikiText,2,512/8,0.37,"0,1","10,14",PointNet,ShapeNet,2,128,0.94
174,GPT2-Medium,WikiText,2,512/8,0.49,"0,1","8,16",resnet50,ImageNet,2,32,0.65
175,GPT2-Medium,WikiText,2,512/8,0.48,"0,1","8,16",resnet50,ImageNet,2,64,0.76
176,GPT2-Medium,WikiText,2,512/8,0.41,"0,1","8,16",resnet50,ImageNet,2,128,0.85
177,GPT2-Medium,WikiText,2,512/8,0.35,"0,1","8,16",vgg19,ImageNet,2,32,0.75
178,GPT2-Medium,WikiText,2,512/8,0.29,"0,1","8,16",vgg19,ImageNet,2,64,0.84
179,GPT2-Medium,WikiText,2,512/8,0.21,"0,1","8,16",vgg19,ImageNet,2,128,0.89
180,GPT2-Medium,WikiText,2,512/8,0.66,"0,1","8,16",DCGAN,LSUN,2,32,0.8
181,GPT2-Medium,WikiText,2,512/8,0.63,"0,1","8,16",DCGAN,LSUN,2,64,0.81
182,GPT2-Medium,WikiText,2,512/8,0.62,"0,1","8,16",DCGAN,LSUN,2,128,0.84
183,GPT2-Medium,WikiText,2,512/8,0.5,"0,1","8,16",PointNet,ShapeNet,2,32,0.89
184,GPT2-Medium,WikiText,2,512/8,0.47,"0,1","8,16",PointNet,ShapeNet,2,64,0.94
185,GPT2-Medium,WikiText,2,512/8,0.36,"0,1","8,16",PointNet,ShapeNet,2,128,0.98
186,GPT2-Medium,WikiText,2,512/8,0.47,"0,1","6,18",resnet50,ImageNet,2,32,0.79
187,GPT2-Medium,WikiText,2,512/8,0.42,"0,1","6,18",resnet50,ImageNet,2,64,0.81
188,GPT2-Medium,WikiText,2,512/8,0.36,"0,1","6,18",resnet50,ImageNet,2,128,0.88
189,GPT2-Medium,WikiText,2,512/8,0.35,"0,1","6,18",vgg19,ImageNet,2,32,0.82
190,GPT2-Medium,WikiText,2,512/8,0.28,"0,1","6,18",vgg19,ImageNet,2,64,0.87
191,GPT2-Medium,WikiText,2,512/8,0.0,"0,1","6,18",vgg19,ImageNet,2,128,0.0
192,GPT2-Medium,WikiText,2,512/8,0.6,"0,1","6,18",DCGAN,LSUN,2,32,0.8
193,GPT2-Medium,WikiText,2,512/8,0.58,"0,1","6,18",DCGAN,LSUN,2,64,0.91
194,GPT2-Medium,WikiText,2,512/8,0.55,"0,1","6,18",DCGAN,LSUN,2,128,0.97
195,GPT2-Medium,WikiText,2,512/8,0.47,"0,1","6,18",PointNet,ShapeNet,2,32,0.98
196,GPT2-Medium,WikiText,2,512/8,0.41,"0,1","6,18",PointNet,ShapeNet,2,64,1.0
197,GPT2-Medium,WikiText,2,512/8,0.29,"0,1","6,18",PointNet,ShapeNet,2,128,1.0
198,GPT2-Medium,WikiText,2,512/8,0.68,"0,1","12,12",resnet50,ImageNet,2,32,0.46
199,GPT2-Medium,WikiText,2,512/8,0.57,"0,1","12,12",resnet50,ImageNet,2,64,0.54
200,GPT2-Medium,WikiText,2,512/8,0.5,"0,1","12,12",resnet50,ImageNet,2,128,0.69
201,GPT2-Medium,WikiText,2,512/8,0.48,"0,1","12,12",vgg19,ImageNet,2,32,0.7
202,GPT2-Medium,WikiText,2,512/8,0.36,"0,1","12,12",vgg19,ImageNet,2,64,0.81
203,GPT2-Medium,WikiText,2,512/8,0.0,"0,1","12,12",vgg19,ImageNet,2,128,0.0
204,GPT2-Medium,WikiText,2,512/8,0.82,"0,1","12,12",DCGAN,LSUN,2,32,0.51
205,GPT2-Medium,WikiText,2,512/8,0.8,"0,1","12,12",DCGAN,LSUN,2,64,0.56
206,GPT2-Medium,WikiText,2,512/8,0.77,"0,1","12,12",DCGAN,LSUN,2,128,0.54
207,GPT2-Medium,WikiText,2,512/8,0.63,"0,1","12,12",PointNet,ShapeNet,2,32,0.64
208,GPT2-Medium,WikiText,2,512/8,0.56,"0,1","12,12",PointNet,ShapeNet,2,64,0.74
209,GPT2-Medium,WikiText,2,512/8,0.37,"0,1","12,12",PointNet,ShapeNet,2,128,0.88
210,GPT2-Medium,WikiText,2,512/8,0.69,"0,1","14,10",resnet50,ImageNet,2,32,0.37
211,GPT2-Medium,WikiText,2,512/8,0.62,"0,1","14,10",resnet50,ImageNet,2,64,0.48
212,GPT2-Medium,WikiText,2,512/8,0.0,"0,1","14,10",resnet50,ImageNet,2,128,0.0
213,GPT2-Medium,WikiText,2,512/8,0.43,"0,1","14,10",vgg19,ImageNet,2,32,0.66
214,GPT2-Medium,WikiText,2,512/8,0.36,"0,1","14,10",vgg19,ImageNet,2,64,0.79
215,GPT2-Medium,WikiText,2,512/8,0.0,"0,1","14,10",vgg19,ImageNet,2,128,0.0
216,GPT2-Medium,WikiText,2,512/8,0.88,"0,1","14,10",DCGAN,LSUN,2,32,0.38
217,GPT2-Medium,WikiText,2,512/8,0.85,"0,1","14,10",DCGAN,LSUN,2,64,0.39
218,GPT2-Medium,WikiText,2,512/8,0.82,"0,1","14,10",DCGAN,LSUN,2,128,0.4
219,GPT2-Medium,WikiText,2,512/8,0.64,"0,1","14,10",PointNet,ShapeNet,2,32,0.55
220,GPT2-Medium,WikiText,2,512/8,0.5,"0,1","14,10",PointNet,ShapeNet,2,64,0.74
221,GPT2-Medium,WikiText,2,512/8,0.0,"0,1","14,10",PointNet,ShapeNet,2,128,0.0
222,GPT2-Medium,WikiText,2,512/8,0.0,"0,1","16,8",resnet50,ImageNet,2,32,0.0
223,GPT2-Medium,WikiText,2,512/8,0.0,"0,1","16,8",resnet50,ImageNet,2,64,0.0
224,GPT2-Medium,WikiText,2,512/8,0.0,"0,1","16,8",resnet50,ImageNet,2,128,0.0
225,GPT2-Medium,WikiText,2,512/8,0.0,"0,1","16,8",vgg19,ImageNet,2,32,0.0
226,GPT2-Medium,WikiText,2,512/8,0.0,"0,1","16,8",vgg19,ImageNet,2,64,0.0
227,GPT2-Medium,WikiText,2,512/8,0.0,"0,1","16,8",vgg19,ImageNet,2,128,0.0
228,GPT2-Medium,WikiText,2,512/8,0.78,"0,1","16,8",DCGAN,LSUN,2,32,0.37
229,GPT2-Medium,WikiText,2,512/8,0.75,"0,1","16,8",DCGAN,LSUN,2,64,0.37
230,GPT2-Medium,WikiText,2,512/8,0.71,"0,1","16,8",DCGAN,LSUN,2,128,0.41
231,GPT2-Medium,WikiText,2,512/8,0.57,"0,1","16,8",PointNet,ShapeNet,2,32,0.54
232,GPT2-Medium,WikiText,2,512/8,0.0,"0,1","16,8",PointNet,ShapeNet,2,64,0.0
233,GPT2-Medium,WikiText,2,512/8,0.0,"0,1","16,8",PointNet,ShapeNet,2,128,0.0
234,GPT2-Medium,WikiText,2,512/8,0.0,"0,1","18,6",resnet50,ImageNet,2,32,0.0
235,GPT2-Medium,WikiText,2,512/8,0.0,"0,1","18,6",resnet50,ImageNet,2,64,0.0
236,GPT2-Medium,WikiText,2,512/8,0.0,"0,1","18,6",resnet50,ImageNet,2,128,0.0
237,GPT2-Medium,WikiText,2,512/8,0.0,"0,1","18,6",vgg19,ImageNet,2,32,0.0
238,GPT2-Medium,WikiText,2,512/8,0.0,"0,1","18,6",vgg19,ImageNet,2,64,0.0
239,GPT2-Medium,WikiText,2,512/8,0.0,"0,1","18,6",vgg19,ImageNet,2,128,0.0
240,GPT2-Medium,WikiText,2,512/8,0.69,"0,1","18,6",DCGAN,LSUN,2,32,0.37
241,GPT2-Medium,WikiText,2,512/8,0.0,"0,1","18,6",DCGAN,LSUN,2,64,0.0
242,GPT2-Medium,WikiText,2,512/8,0.0,"0,1","18,6",DCGAN,LSUN,2,128,0.0
243,GPT2-Medium,WikiText,2,512/8,0.0,"0,1","18,6",PointNet,ShapeNet,2,32,0.0
244,GPT2-Medium,WikiText,2,512/8,0.0,"0,1","18,6",PointNet,ShapeNet,2,64,0.0
245,GPT2-Medium,WikiText,2,512/8,0.0,"0,1","18,6",PointNet,ShapeNet,2,128,0.0
246,GPT2-Medium,WikiText,4,512/8,0.58,"0,1,2,3","6,6,6,6",resnet50,ImageNet,4,32,0.56
247,GPT2-Medium,WikiText,4,512/8,0.53,"0,1,2,3","6,6,6,6",resnet50,ImageNet,4,64,0.7
248,GPT2-Medium,WikiText,4,512/8,0.0,"0,1,2,3","6,6,6,6",resnet50,ImageNet,4,128,0.0
249,GPT2-Medium,WikiText,4,512/8,0.41,"0,1,2,3","6,6,6,6",vgg19,ImageNet,4,32,0.7
250,GPT2-Medium,WikiText,4,512/8,0.3,"0,1,2,3","6,6,6,6",vgg19,ImageNet,4,64,0.8
251,GPT2-Medium,WikiText,4,512/8,0.0,"0,1,2,3","6,6,6,6",vgg19,ImageNet,4,128,0.0
252,GPT2-Medium,WikiText,4,512/8,0.67,"0,1,2,3","6,6,6,6",DCGAN,LSUN,4,32,0.62
253,GPT2-Medium,WikiText,4,512/8,0.66,"0,1,2,3","6,6,6,6",DCGAN,LSUN,4,64,0.58
254,GPT2-Medium,WikiText,4,512/8,0.63,"0,1,2,3","6,6,6,6",DCGAN,LSUN,4,128,0.71
255,GPT2-Medium,WikiText,4,512/8,0.53,"0,1,2,3","6,6,6,6",PointNet,ShapeNet,4,32,0.76
256,GPT2-Medium,WikiText,4,512/8,0.46,"0,1,2,3","6,6,6,6",PointNet,ShapeNet,4,64,0.79
257,GPT2-Medium,WikiText,4,512/8,0.0,"0,1,2,3","6,6,6,6",PointNet,ShapeNet,4,128,0.0
258,GPT2-Medium,WikiText,4,512/8,0.61,"0,1,2,3","4,8,8,4",resnet50,ImageNet,4,32,0.64
259,GPT2-Medium,WikiText,4,512/8,0.53,"0,1,2,3","4,8,8,4",resnet50,ImageNet,4,64,0.81
260,GPT2-Medium,WikiText,4,512/8,0.0,"0,1,2,3","4,8,8,4",resnet50,ImageNet,4,128,0.0
261,GPT2-Medium,WikiText,4,512/8,0.38,"0,1,2,3","4,8,8,4",vgg19,ImageNet,4,32,0.74
262,GPT2-Medium,WikiText,4,512/8,0.27,"0,1,2,3","4,8,8,4",vgg19,ImageNet,4,64,0.82
263,GPT2-Medium,WikiText,4,512/8,0.0,"0,1,2,3","4,8,8,4",vgg19,ImageNet,4,128,0.0
264,GPT2-Medium,WikiText,4,512/8,0.75,"0,1,2,3","4,8,8,4",DCGAN,LSUN,4,32,0.73
265,GPT2-Medium,WikiText,4,512/8,0.73,"0,1,2,3","4,8,8,4",DCGAN,LSUN,4,64,0.67
266,GPT2-Medium,WikiText,4,512/8,0.69,"0,1,2,3","4,8,8,4",DCGAN,LSUN,4,128,0.83
267,GPT2-Medium,WikiText,4,512/8,0.54,"0,1,2,3","4,8,8,4",PointNet,ShapeNet,4,32,0.89
268,GPT2-Medium,WikiText,4,512/8,0.42,"0,1,2,3","4,8,8,4",PointNet,ShapeNet,4,64,0.9
269,GPT2-Medium,WikiText,4,512/8,0.0,"0,1,2,3","4,8,8,4",PointNet,ShapeNet,4,128,0.0
270,GPT2-Medium,WikiText,4,512/8,0.59,"0,1,2,3","2,8,8,6",resnet50,ImageNet,4,32,0.76
271,GPT2-Medium,WikiText,4,512/8,0.52,"0,1,2,3","2,8,8,6",resnet50,ImageNet,4,64,0.95
272,GPT2-Medium,WikiText,4,512/8,0.0,"0,1,2,3","2,8,8,6",resnet50,ImageNet,4,128,0.0
273,GPT2-Medium,WikiText,4,512/8,0.37,"0,1,2,3","2,8,8,6",vgg19,ImageNet,4,32,0.8
274,GPT2-Medium,WikiText,4,512/8,0.27,"0,1,2,3","2,8,8,6",vgg19,ImageNet,4,64,0.84
275,GPT2-Medium,WikiText,4,512/8,0.0,"0,1,2,3","2,8,8,6",vgg19,ImageNet,4,128,0.0
276,GPT2-Medium,WikiText,4,512/8,0.67,"0,1,2,3","2,8,8,6",DCGAN,LSUN,4,32,0.9
277,GPT2-Medium,WikiText,4,512/8,0.66,"0,1,2,3","2,8,8,6",DCGAN,LSUN,4,64,0.86
278,GPT2-Medium,WikiText,4,512/8,0.63,"0,1,2,3","2,8,8,6",DCGAN,LSUN,4,128,1.0
279,GPT2-Medium,WikiText,4,512/8,0.52,"0,1,2,3","2,8,8,6",PointNet,ShapeNet,4,32,1.0
280,GPT2-Medium,WikiText,4,512/8,0.42,"0,1,2,3","2,8,8,6",PointNet,ShapeNet,4,64,1.0
281,GPT2-Medium,WikiText,4,512/8,0.0,"0,1,2,3","2,8,8,6",PointNet,ShapeNet,4,128,0.0
282,GPT2-Medium,WikiText,4,512/8,0.5,"0,1,2,3","2,10,10,2",resnet50,ImageNet,4,32,0.8
283,GPT2-Medium,WikiText,4,512/8,0.0,"0,1,2,3","2,10,10,2",resnet50,ImageNet,4,64,0.0
284,GPT2-Medium,WikiText,4,512/8,0.0,"0,1,2,3","2,10,10,2",resnet50,ImageNet,4,128,0.0
285,GPT2-Medium,WikiText,4,512/8,0.0,"0,1,2,3","2,10,10,2",vgg19,ImageNet,4,32,0.0
286,GPT2-Medium,WikiText,4,512/8,0.0,"0,1,2,3","2,10,10,2",vgg19,ImageNet,4,64,0.0
287,GPT2-Medium,WikiText,4,512/8,0.0,"0,1,2,3","2,10,10,2",vgg19,ImageNet,4,128,0.0
288,GPT2-Medium,WikiText,4,512/8,0.61,"0,1,2,3","2,10,10,2",DCGAN,LSUN,4,32,0.83
289,GPT2-Medium,WikiText,4,512/8,0.59,"0,1,2,3","2,10,10,2",DCGAN,LSUN,4,64,0.9
290,GPT2-Medium,WikiText,4,512/8,0.56,"0,1,2,3","2,10,10,2",DCGAN,LSUN,4,128,1.0
291,GPT2-Medium,WikiText,4,512/8,0.45,"0,1,2,3","2,10,10,2",PointNet,ShapeNet,4,32,1.0
292,GPT2-Medium,WikiText,4,512/8,0.0,"0,1,2,3","2,10,10,2",PointNet,ShapeNet,4,64,0.0
293,GPT2-Medium,WikiText,4,512/8,0.0,"0,1,2,3","2,10,10,2",PointNet,ShapeNet,4,128,0.0
294,resnet50,ImageNet,1,32,0.55,0,NA,resnet50,ImageNet,1,32,0.51
295,resnet50,ImageNet,1,32,0.5,0,NA,resnet50,ImageNet,1,64,0.72
296,resnet50,ImageNet,1,32,0.41,0,NA,resnet50,ImageNet,1,128,0.89
297,resnet50,ImageNet,1,64,0.64,0,NA,resnet50,ImageNet,1,32,0.43
298,resnet50,ImageNet,1,64,0.61,0,NA,resnet50,ImageNet,1,64,0.61
299,resnet50,ImageNet,1,64,0.46,0,NA,resnet50,ImageNet,1,128,0.76
300,resnet50,ImageNet,1,128,0.86,0,NA,resnet50,ImageNet,1,32,0.37
301,resnet50,ImageNet,1,128,0.76,0,NA,resnet50,ImageNet,1,64,0.48
302,resnet50,ImageNet,1,128,0.52,0,NA,resnet50,ImageNet,1,128,0.52
303,vgg19,ImageNet,1,32,0.8,0,NA,resnet50,ImageNet,1,32,0.35
304,vgg19,ImageNet,1,32,0.73,0,NA,resnet50,ImageNet,1,64,0.34
305,vgg19,ImageNet,1,32,0.62,0,NA,resnet50,ImageNet,1,128,0.55
306,vgg19,ImageNet,1,32,0.43,0,NA,vgg19,ImageNet,1,32,0.43
307,vgg19,ImageNet,1,32,0.41,0,NA,vgg19,ImageNet,1,64,0.69
308,vgg19,ImageNet,1,32,0.26,0,NA,vgg19,ImageNet,1,128,0.76
309,vgg19,ImageNet,1,64,0.94,0,NA,resnet50,ImageNet,1,32,0.21
310,vgg19,ImageNet,1,64,0.85,0,NA,resnet50,ImageNet,1,64,0.31
311,vgg19,ImageNet,1,64,0.74,0,NA,resnet50,ImageNet,1,128,0.39
312,vgg19,ImageNet,1,64,0.61,0,NA,vgg19,ImageNet,1,32,0.33
313,vgg19,ImageNet,1,64,0.45,0,NA,vgg19,ImageNet,1,64,0.45
314,vgg19,ImageNet,1,64,0.31,0,NA,vgg19,ImageNet,1,128,0.59
315,vgg19,ImageNet,1,128,0.95,0,NA,resnet50,ImageNet,1,32,0.18
316,vgg19,ImageNet,1,128,0.92,0,NA,resnet50,ImageNet,1,64,0.2
317,vgg19,ImageNet,1,128,0.82,0,NA,resnet50,ImageNet,1,128,0.26
318,vgg19,ImageNet,1,128,0.72,0,NA,vgg19,ImageNet,1,32,0.26
319,vgg19,ImageNet,1,128,0.64,0,NA,vgg19,ImageNet,1,64,0.34
320,vgg19,ImageNet,1,128,0.45,0,NA,vgg19,ImageNet,1,128,0.45
321,DCGAN,LSUN,1,32,0.86,0,NA,resnet50,ImageNet,1,32,0.87
322,DCGAN,LSUN,1,32,0.6,0,NA,resnet50,ImageNet,1,64,0.96
323,DCGAN,LSUN,1,32,0.46,0,NA,resnet50,ImageNet,1,128,1.0
324,DCGAN,LSUN,1,32,0.38,0,NA,vgg19,ImageNet,1,32,0.94
325,DCGAN,LSUN,1,32,0.28,0,NA,vgg19,ImageNet,1,64,0.98
326,DCGAN,LSUN,1,32,0.18,0,NA,vgg19,ImageNet,1,128,1.0
327,DCGAN,LSUN,1,32,1.0,0,NA,DCGAN,LSUN,1,32,1.0
328,DCGAN,LSUN,1,32,1.0,0,NA,DCGAN,LSUN,1,64,1.0
329,DCGAN,LSUN,1,32,1.0,0,NA,DCGAN,LSUN,1,128,0.9
330,DCGAN,LSUN,1,64,0.73,0,NA,resnet50,ImageNet,1,32,0.82
331,DCGAN,LSUN,1,64,0.54,0,NA,resnet50,ImageNet,1,64,0.91
332,DCGAN,LSUN,1,64,0.42,0,NA,resnet50,ImageNet,1,128,1.0
333,DCGAN,LSUN,1,64,0.35,0,NA,vgg19,ImageNet,1,32,0.92
334,DCGAN,LSUN,1,64,0.2,0,NA,vgg19,ImageNet,1,64,1.0
335,DCGAN,LSUN,1,64,0.17,0,NA,vgg19,ImageNet,1,128,0.99
336,DCGAN,LSUN,1,64,1.0,0,NA,DCGAN,LSUN,1,32,1.0
337,DCGAN,LSUN,1,64,1.0,0,NA,DCGAN,LSUN,1,64,0.99
338,DCGAN,LSUN,1,64,0.92,0,NA,DCGAN,LSUN,1,128,0.93
339,DCGAN,LSUN,1,128,0.74,0,NA,resnet50,ImageNet,1,32,0.74
340,DCGAN,LSUN,1,128,0.56,0,NA,resnet50,ImageNet,1,64,0.84
341,DCGAN,LSUN,1,128,0.43,0,NA,resnet50,ImageNet,1,128,0.97
342,DCGAN,LSUN,1,128,0.35,0,NA,vgg19,ImageNet,1,32,0.89
343,DCGAN,LSUN,1,128,0.24,0,NA,vgg19,ImageNet,1,64,0.97
344,DCGAN,LSUN,1,128,0.2,0,NA,vgg19,ImageNet,1,128,0.96
345,DCGAN,LSUN,1,128,0.99,0,NA,DCGAN,LSUN,1,32,1.0
346,DCGAN,LSUN,1,128,0.68,0,NA,DCGAN,LSUN,1,64,0.68
347,DCGAN,LSUN,1,128,0.91,0,NA,DCGAN,LSUN,1,128,0.85
348,PointNet,ShapeNet,1,32,0.74,0,NA,resnet50,ImageNet,1,32,0.46
349,PointNet,ShapeNet,1,32,0.66,0,NA,resnet50,ImageNet,1,64,0.52
350,PointNet,ShapeNet,1,32,0.5,0,NA,resnet50,ImageNet,1,128,0.73
351,PointNet,ShapeNet,1,32,0.4,0,NA,vgg19,ImageNet,1,32,0.64
352,PointNet,ShapeNet,1,32,0.3,0,NA,vgg19,ImageNet,1,64,0.86
353,PointNet,ShapeNet,1,32,0.2,0,NA,vgg19,ImageNet,1,128,0.94
354,PointNet,ShapeNet,1,32,0.98,0,NA,DCGAN,LSUN,1,32,0.61
355,PointNet,ShapeNet,1,32,0.88,0,NA,DCGAN,LSUN,1,64,0.52
356,PointNet,ShapeNet,1,32,0.85,0,NA,DCGAN,LSUN,1,128,0.53
357,PointNet,ShapeNet,1,32,0.67,0,NA,PointNet,ShapeNet,1,32,0.67
358,PointNet,ShapeNet,1,32,0.51,0,NA,PointNet,ShapeNet,1,64,0.77
359,PointNet,ShapeNet,1,32,0.39,0,NA,PointNet,ShapeNet,1,128,0.9
360,PointNet,ShapeNet,1,64,0.86,0,NA,resnet50,ImageNet,1,32,0.29
361,PointNet,ShapeNet,1,64,0.72,0,NA,resnet50,ImageNet,1,64,0.38
362,PointNet,ShapeNet,1,64,0.6,0,NA,resnet50,ImageNet,1,128,0.51
363,PointNet,ShapeNet,1,64,0.52,0,NA,vgg19,ImageNet,1,32,0.54
364,PointNet,ShapeNet,1,64,0.44,0,NA,vgg19,ImageNet,1,64,0.69
365,PointNet,ShapeNet,1,64,0.28,0,NA,vgg19,ImageNet,1,128,0.82
366,PointNet,ShapeNet,1,64,1.0,0,NA,DCGAN,LSUN,1,32,0.37
367,PointNet,ShapeNet,1,64,0.96,0,NA,DCGAN,LSUN,1,64,0.33
368,PointNet,ShapeNet,1,64,0.99,0,NA,DCGAN,LSUN,1,128,0.37
369,PointNet,ShapeNet,1,64,0.81,0,NA,PointNet,ShapeNet,1,32,0.51
370,PointNet,ShapeNet,1,64,0.65,0,NA,PointNet,ShapeNet,1,64,0.64
371,PointNet,ShapeNet,1,64,0.53,0,NA,PointNet,ShapeNet,1,128,0.75
372,PointNet,ShapeNet,1,128,0.96,0,NA,resnet50,ImageNet,1,32,0.21
373,PointNet,ShapeNet,1,128,0.88,0,NA,resnet50,ImageNet,1,64,0.29
374,PointNet,ShapeNet,1,128,0.76,0,NA,resnet50,ImageNet,1,128,0.41
375,PointNet,ShapeNet,1,128,0.72,0,NA,vgg19,ImageNet,1,32,0.43
376,PointNet,ShapeNet,1,128,0.53,0,NA,vgg19,ImageNet,1,64,0.52
377,PointNet,ShapeNet,1,128,0.37,0,NA,vgg19,ImageNet,1,128,0.71
378,PointNet,ShapeNet,1,128,1.0,0,NA,DCGAN,LSUN,1,32,0.37
379,PointNet,ShapeNet,1,128,0.98,0,NA,DCGAN,LSUN,1,64,0.34
380,PointNet,ShapeNet,1,128,0.98,0,NA,DCGAN,LSUN,1,128,0.35
381,PointNet,ShapeNet,1,128,0.9,0,NA,PointNet,ShapeNet,1,32,0.36
382,PointNet,ShapeNet,1,128,0.77,0,NA,PointNet,ShapeNet,1,64,0.52
383,PointNet,ShapeNet,1,128,0.57,0,NA,PointNet,ShapeNet,1,128,0.69
384,resnet50,ImageNet,2,32,0.47,"0,1",NA,resnet50,ImageNet,2,32,0.47
385,resnet50,ImageNet,2,32,0.42,"0,1",NA,resnet50,ImageNet,2,64,0.63
386,resnet50,ImageNet,2,32,0.36,"0,1",NA,resnet50,ImageNet,2,128,0.8
387,resnet50,ImageNet,4,32,0.54,"0,1,2,3",NA,resnet50,ImageNet,4,32,0.54
388,resnet50,ImageNet,4,32,0.38,"0,1,2,3",NA,resnet50,ImageNet,4,64,0.64
389,resnet50,ImageNet,4,32,0.37,"0,1,2,3",NA,resnet50,ImageNet,4,128,0.8
390,resnet50,ImageNet,2,64,0.71,"0,1",NA,resnet50,ImageNet,2,32,0.5
391,resnet50,ImageNet,2,64,0.5,"0,1",NA,resnet50,ImageNet,2,64,0.5
392,resnet50,ImageNet,2,64,0.48,"0,1",NA,resnet50,ImageNet,2,128,0.73
393,resnet50,ImageNet,4,64,0.68,"0,1,2,3",NA,resnet50,ImageNet,4,32,0.39
394,resnet50,ImageNet,4,64,0.59,"0,1,2,3",NA,resnet50,ImageNet,4,64,0.59
395,resnet50,ImageNet,4,64,0.53,"0,1,2,3",NA,resnet50,ImageNet,4,128,0.71
396,resnet50,ImageNet,2,128,0.84,"0,1",NA,resnet50,ImageNet,2,32,0.42
397,resnet50,ImageNet,2,128,0.73,"0,1",NA,resnet50,ImageNet,2,64,0.45
398,resnet50,ImageNet,2,128,0.47,"0,1",NA,resnet50,ImageNet,2,128,0.47
399,resnet50,ImageNet,4,128,0.81,"0,1,2,3",NA,resnet50,ImageNet,4,32,0.37
400,resnet50,ImageNet,4,128,0.69,"0,1,2,3",NA,resnet50,ImageNet,4,64,0.49
401,resnet50,ImageNet,4,128,0.46,"0,1,2,3",NA,resnet50,ImageNet,4,128,0.46
402,vgg19,ImageNet,2,32,0.84,"0,1",NA,resnet50,ImageNet,2,32,0.3
403,vgg19,ImageNet,2,32,0.73,"0,1",NA,resnet50,ImageNet,2,64,0.36
404,vgg19,ImageNet,2,32,0.6,"0,1",NA,resnet50,ImageNet,2,128,0.52
405,vgg19,ImageNet,2,32,0.46,"0,1",NA,vgg19,ImageNet,2,32,0.46
406,vgg19,ImageNet,2,32,0.34,"0,1",NA,vgg19,ImageNet,2,64,0.59
407,vgg19,ImageNet,2,32,0.27,"0,1",NA,vgg19,ImageNet,2,128,0.71
408,vgg19,ImageNet,4,32,0.81,"0,1,2,3",NA,resnet50,ImageNet,4,32,0.28
409,vgg19,ImageNet,4,32,0.68,"0,1,2,3",NA,resnet50,ImageNet,4,64,0.38
410,vgg19,ImageNet,4,32,0.61,"0,1,2,3",NA,resnet50,ImageNet,4,128,0.51
411,vgg19,ImageNet,4,32,0.47,"0,1,2,3",NA,vgg19,ImageNet,4,32,0.47
412,vgg19,ImageNet,4,32,0.38,"0,1,2,3",NA,vgg19,ImageNet,4,64,0.65
413,vgg19,ImageNet,4,32,0.27,"0,1,2,3",NA,vgg19,ImageNet,4,128,0.75
414,vgg19,ImageNet,2,64,0.91,"0,1",NA,resnet50,ImageNet,2,32,0.24
415,vgg19,ImageNet,2,64,0.77,"0,1",NA,resnet50,ImageNet,2,64,0.27
416,vgg19,ImageNet,2,64,0.7,"0,1",NA,resnet50,ImageNet,2,128,0.34
417,vgg19,ImageNet,2,64,0.67,"0,1",NA,vgg19,ImageNet,2,32,0.4
418,vgg19,ImageNet,2,64,0.44,"0,1",NA,vgg19,ImageNet,2,64,0.44
419,vgg19,ImageNet,2,64,0.3,"0,1",NA,vgg19,ImageNet,2,128,0.49
420,vgg19,ImageNet,4,64,0.87,"0,1,2,3",NA,resnet50,ImageNet,4,32,0.19
421,vgg19,ImageNet,4,64,0.84,"0,1,2,3",NA,resnet50,ImageNet,4,64,0.31
422,vgg19,ImageNet,4,64,0.7,"0,1,2,3",NA,resnet50,ImageNet,4,128,0.34
423,vgg19,ImageNet,4,64,0.56,"0,1,2,3",NA,vgg19,ImageNet,4,32,0.32
424,vgg19,ImageNet,4,64,0.39,"0,1,2,3",NA,vgg19,ImageNet,4,64,0.39
425,vgg19,ImageNet,4,64,0.32,"0,1,2,3",NA,vgg19,ImageNet,4,128,0.6
426,vgg19,ImageNet,2,128,0.97,"0,1",NA,resnet50,ImageNet,2,32,0.17
427,vgg19,ImageNet,2,128,0.93,"0,1",NA,resnet50,ImageNet,2,64,0.21
428,vgg19,ImageNet,2,128,0.83,"0,1",NA,resnet50,ImageNet,2,128,0.27
429,vgg19,ImageNet,2,128,0.74,"0,1",NA,vgg19,ImageNet,2,32,0.26
430,vgg19,ImageNet,2,128,0.52,"0,1",NA,vgg19,ImageNet,2,64,0.3
431,vgg19,ImageNet,2,128,0.43,"0,1",NA,vgg19,ImageNet,2,128,0.43
432,vgg19,ImageNet,4,128,0.95,"0,1,2,3",NA,resnet50,ImageNet,4,32,0.15
433,vgg19,ImageNet,4,128,0.91,"0,1,2,3",NA,resnet50,ImageNet,4,64,0.21
434,vgg19,ImageNet,4,128,0.8,"0,1,2,3",NA,resnet50,ImageNet,4,128,0.25
435,vgg19,ImageNet,4,128,0.65,"0,1,2,3",NA,vgg19,ImageNet,4,32,0.23
436,vgg19,ImageNet,4,128,0.58,"0,1,2,3",NA,vgg19,ImageNet,4,64,0.3
437,vgg19,ImageNet,4,128,0.43,"0,1,2,3",NA,vgg19,ImageNet,4,128,0.43
438,DCGAN,LSUN,2,32,0.73,"0,1",NA,resnet50,ImageNet,2,32,0.84
439,DCGAN,LSUN,2,32,0.52,"0,1",NA,resnet50,ImageNet,2,64,0.92
440,DCGAN,LSUN,2,32,0.44,"0,1",NA,resnet50,ImageNet,2,128,0.93
441,DCGAN,LSUN,2,32,0.31,"0,1",NA,vgg19,ImageNet,2,32,0.97
442,DCGAN,LSUN,2,32,0.2,"0,1",NA,vgg19,ImageNet,2,64,1.0
443,DCGAN,LSUN,2,32,0.16,"0,1",NA,vgg19,ImageNet,2,128,1.0
444,DCGAN,LSUN,2,32,0.98,"0,1",NA,DCGAN,LSUN,2,32,0.91
445,DCGAN,LSUN,2,32,1.0,"0,1",NA,DCGAN,LSUN,2,64,1.0
446,DCGAN,LSUN,2,32,0.98,"0,1",NA,DCGAN,LSUN,2,128,1.0
447,DCGAN,LSUN,4,32,0.69,"0,1,2,3",NA,resnet50,ImageNet,4,32,0.82
448,DCGAN,LSUN,4,32,0.49,"0,1,2,3",NA,resnet50,ImageNet,4,64,1.0
449,DCGAN,LSUN,4,32,0.4,"0,1,2,3",NA,resnet50,ImageNet,4,128,0.93
450,DCGAN,LSUN,4,32,0.28,"0,1,2,3",NA,vgg19,ImageNet,4,32,0.93
451,DCGAN,LSUN,4,32,0.18,"0,1,2,3",NA,vgg19,ImageNet,4,64,0.99
452,DCGAN,LSUN,4,32,0.13,"0,1,2,3",NA,vgg19,ImageNet,4,128,0.98
453,DCGAN,LSUN,4,32,0.95,"0,1,2,3",NA,DCGAN,LSUN,4,32,0.88
454,DCGAN,LSUN,4,32,0.9,"0,1,2,3",NA,DCGAN,LSUN,4,64,0.95
455,DCGAN,LSUN,4,32,0.76,"0,1,2,3",NA,DCGAN,LSUN,4,128,0.86
456,DCGAN,LSUN,2,64,0.71,"0,1",NA,resnet50,ImageNet,2,32,0.8
457,DCGAN,LSUN,2,64,0.53,"0,1",NA,resnet50,ImageNet,2,64,0.89
458,DCGAN,LSUN,2,64,0.39,"0,1",NA,resnet50,ImageNet,2,128,0.97
459,DCGAN,LSUN,2,64,0.31,"0,1",NA,vgg19,ImageNet,2,32,0.94
460,DCGAN,LSUN,2,64,0.21,"0,1",NA,vgg19,ImageNet,2,64,0.98
461,DCGAN,LSUN,2,64,0.14,"0,1",NA,vgg19,ImageNet,2,128,1.0
462,DCGAN,LSUN,2,64,1.0,"0,1",NA,DCGAN,LSUN,2,32,0.94
463,DCGAN,LSUN,2,64,0.99,"0,1",NA,DCGAN,LSUN,2,64,1.0
464,DCGAN,LSUN,2,64,0.88,"0,1",NA,DCGAN,LSUN,2,128,0.97
465,DCGAN,LSUN,4,64,0.63,"0,1,2,3",NA,resnet50,ImageNet,4,32,0.78
466,DCGAN,LSUN,4,64,0.46,"0,1,2,3",NA,resnet50,ImageNet,4,64,0.97
467,DCGAN,LSUN,4,64,0.34,"0,1,2,3",NA,resnet50,ImageNet,4,128,0.94
468,DCGAN,LSUN,4,64,0.26,"0,1,2,3",NA,vgg19,ImageNet,4,32,0.93
469,DCGAN,LSUN,4,64,0.18,"0,1,2,3",NA,vgg19,ImageNet,4,64,0.98
470,DCGAN,LSUN,4,64,0.13,"0,1,2,3",NA,vgg19,ImageNet,4,128,0.98
471,DCGAN,LSUN,4,64,0.91,"0,1,2,3",NA,DCGAN,LSUN,4,32,0.94
472,DCGAN,LSUN,4,64,0.82,"0,1,2,3",NA,DCGAN,LSUN,4,64,0.87
473,DCGAN,LSUN,4,64,0.8,"0,1,2,3",NA,DCGAN,LSUN,4,128,1.0
474,DCGAN,LSUN,2,128,0.72,"0,1",NA,resnet50,ImageNet,2,32,0.74
475,DCGAN,LSUN,2,128,0.56,"0,1",NA,resnet50,ImageNet,2,64,0.83
476,DCGAN,LSUN,2,128,0.43,"0,1",NA,resnet50,ImageNet,2,128,0.94
477,DCGAN,LSUN,2,128,0.33,"0,1",NA,vgg19,ImageNet,2,32,0.9
478,DCGAN,LSUN,2,128,0.23,"0,1",NA,vgg19,ImageNet,2,64,0.96
479,DCGAN,LSUN,2,128,0.17,"0,1",NA,vgg19,ImageNet,2,128,0.99
480,DCGAN,LSUN,2,128,1.0,"0,1",NA,DCGAN,LSUN,2,32,0.93
481,DCGAN,LSUN,2,128,0.98,"0,1",NA,DCGAN,LSUN,2,64,0.92
482,DCGAN,LSUN,2,128,0.8,"0,1",NA,DCGAN,LSUN,2,128,0.81
483,DCGAN,LSUN,4,128,0.76,"0,1,2,3",NA,resnet50,ImageNet,4,32,0.71
484,DCGAN,LSUN,4,128,0.59,"0,1,2,3",NA,resnet50,ImageNet,4,64,0.9
485,DCGAN,LSUN,4,128,0.46,"0,1,2,3",NA,resnet50,ImageNet,4,128,0.9
486,DCGAN,LSUN,4,128,0.33,"0,1,2,3",NA,vgg19,ImageNet,4,32,0.89
487,DCGAN,LSUN,4,128,0.24,"0,1,2,3",NA,vgg19,ImageNet,4,64,0.95
488,DCGAN,LSUN,4,128,0.16,"0,1,2,3",NA,vgg19,ImageNet,4,128,0.97
489,DCGAN,LSUN,4,128,1.0,"0,1,2,3",NA,DCGAN,LSUN,4,32,0.82
490,DCGAN,LSUN,4,128,0.94,"0,1,2,3",NA,DCGAN,LSUN,4,64,0.72
491,DCGAN,LSUN,4,128,0.92,"0,1,2,3",NA,DCGAN,LSUN,4,128,0.94
492,PointNet,ShapeNet,2,32,0.75,"0,1",NA,resnet50,ImageNet,2,32,0.46
493,PointNet,ShapeNet,2,32,0.62,"0,1",NA,resnet50,ImageNet,2,64,0.57
494,PointNet,ShapeNet,2,32,0.52,"0,1",NA,resnet50,ImageNet,2,128,0.64
495,PointNet,ShapeNet,2,32,0.41,"0,1",NA,vgg19,ImageNet,2,32,0.71
496,PointNet,ShapeNet,2,32,0.3,"0,1",NA,vgg19,ImageNet,2,64,0.87
497,PointNet,ShapeNet,2,32,0.23,"0,1",NA,vgg19,ImageNet,2,128,0.95
498,PointNet,ShapeNet,2,32,0.99,"0,1",NA,DCGAN,LSUN,2,32,0.55
499,PointNet,ShapeNet,2,32,0.91,"0,1",NA,DCGAN,LSUN,2,64,0.52
500,PointNet,ShapeNet,2,32,0.93,"0,1",NA,DCGAN,LSUN,2,128,0.56
501,PointNet,ShapeNet,2,32,0.72,"0,1",NA,PointNet,ShapeNet,2,32,0.7
502,PointNet,ShapeNet,2,32,0.52,"0,1",NA,PointNet,ShapeNet,2,64,0.83
503,PointNet,ShapeNet,2,32,0.44,"0,1",NA,PointNet,ShapeNet,2,128,0.91
504,PointNet,ShapeNet,4,32,0.82,"0,1,2,3",NA,resnet50,ImageNet,4,32,0.44
505,PointNet,ShapeNet,4,32,0.66,"0,1,2,3",NA,resnet50,ImageNet,4,64,0.61
506,PointNet,ShapeNet,4,32,0.52,"0,1,2,3",NA,resnet50,ImageNet,4,128,0.65
507,PointNet,ShapeNet,4,32,0.39,"0,1,2,3",NA,vgg19,ImageNet,4,32,0.7
508,PointNet,ShapeNet,4,32,0.3,"0,1,2,3",NA,vgg19,ImageNet,4,64,0.83
509,PointNet,ShapeNet,4,32,0.22,"0,1,2,3",NA,vgg19,ImageNet,4,128,0.92
510,PointNet,ShapeNet,4,32,1.0,"0,1,2,3",NA,DCGAN,LSUN,4,32,0.54
511,PointNet,ShapeNet,4,32,1.0,"0,1,2,3",NA,DCGAN,LSUN,4,64,0.49
512,PointNet,ShapeNet,4,32,0.99,"0,1,2,3",NA,DCGAN,LSUN,4,128,0.57
513,PointNet,ShapeNet,4,32,0.74,"0,1,2,3",NA,PointNet,ShapeNet,4,32,0.76
514,PointNet,ShapeNet,4,32,0.58,"0,1,2,3",NA,PointNet,ShapeNet,4,64,0.85
515,PointNet,ShapeNet,4,32,0.49,"0,1,2,3",NA,PointNet,ShapeNet,4,128,0.93
516,PointNet,ShapeNet,2,64,0.86,"0,1",NA,resnet50,ImageNet,2,32,0.41
517,PointNet,ShapeNet,2,64,0.81,"0,1",NA,resnet50,ImageNet,2,64,0.4
518,PointNet,ShapeNet,2,64,0.7,"0,1",NA,resnet50,ImageNet,2,128,0.49
519,PointNet,ShapeNet,2,64,0.56,"0,1",NA,vgg19,ImageNet,2,32,0.6
520,PointNet,ShapeNet,2,64,0.44,"0,1",NA,vgg19,ImageNet,2,64,0.68
521,PointNet,ShapeNet,2,64,0.31,"0,1",NA,vgg19,ImageNet,2,128,0.87
522,PointNet,ShapeNet,2,64,1.0,"0,1",NA,DCGAN,LSUN,2,32,0.39
523,PointNet,ShapeNet,2,64,1.0,"0,1",NA,DCGAN,LSUN,2,64,0.37
524,PointNet,ShapeNet,2,64,1.0,"0,1",NA,DCGAN,LSUN,2,128,0.39
525,PointNet,ShapeNet,2,64,0.86,"0,1",NA,PointNet,ShapeNet,2,32,0.53
526,PointNet,ShapeNet,2,64,0.7,"0,1",NA,PointNet,ShapeNet,2,64,0.69
527,PointNet,ShapeNet,2,64,0.56,"0,1",NA,PointNet,ShapeNet,2,128,0.75
528,PointNet,ShapeNet,4,64,0.84,"0,1,2,3",NA,resnet50,ImageNet,4,32,0.37
529,PointNet,ShapeNet,4,64,0.75,"0,1,2,3",NA,resnet50,ImageNet,4,64,0.5
530,PointNet,ShapeNet,4,64,0.64,"0,1,2,3",NA,resnet50,ImageNet,4,128,0.58
531,PointNet,ShapeNet,4,64,0.54,"0,1,2,3",NA,vgg19,ImageNet,4,32,0.65
532,PointNet,ShapeNet,4,64,0.44,"0,1,2,3",NA,vgg19,ImageNet,4,64,0.73
533,PointNet,ShapeNet,4,64,0.3,"0,1,2,3",NA,vgg19,ImageNet,4,128,0.84
534,PointNet,ShapeNet,4,64,1.0,"0,1,2,3",NA,DCGAN,LSUN,4,32,0.4
535,PointNet,ShapeNet,4,64,0.99,"0,1,2,3",NA,DCGAN,LSUN,4,64,0.37
536,PointNet,ShapeNet,4,64,1.0,"0,1,2,3",NA,DCGAN,LSUN,4,128,0.43
537,PointNet,ShapeNet,4,64,0.78,"0,1,2,3",NA,PointNet,ShapeNet,4,32,0.66
538,PointNet,ShapeNet,4,64,0.65,"0,1,2,3",NA,PointNet,ShapeNet,4,64,0.75
539,PointNet,ShapeNet,4,64,0.53,"0,1,2,3",NA,PointNet,ShapeNet,4,128,0.91
540,PointNet,ShapeNet,2,128,0.98,"0,1",NA,resnet50,ImageNet,2,32,0.24
541,PointNet,ShapeNet,2,128,0.91,"0,1",NA,resnet50,ImageNet,2,64,0.31
542,PointNet,ShapeNet,2,128,0.79,"0,1",NA,resnet50,ImageNet,2,128,0.39
543,PointNet,ShapeNet,2,128,0.74,"0,1",NA,vgg19,ImageNet,2,32,0.48
544,PointNet,ShapeNet,2,128,0.59,"0,1",NA,vgg19,ImageNet,2,64,0.57
545,PointNet,ShapeNet,2,128,0.42,"0,1",NA,vgg19,ImageNet,2,128,0.66
546,PointNet,ShapeNet,2,128,1.0,"0,1",NA,DCGAN,LSUN,2,32,0.31
547,PointNet,ShapeNet,2,128,1.0,"0,1",NA,DCGAN,LSUN,2,64,0.33
548,PointNet,ShapeNet,2,128,1.0,"0,1",NA,DCGAN,LSUN,2,128,0.36
549,PointNet,ShapeNet,2,128,0.92,"0,1",NA,PointNet,ShapeNet,2,32,0.43
550,PointNet,ShapeNet,2,128,0.78,"0,1",NA,PointNet,ShapeNet,2,64,0.57
551,PointNet,ShapeNet,2,128,0.63,"0,1",NA,PointNet,ShapeNet,2,128,0.64
552,PointNet,ShapeNet,4,128,0.99,"0,1,2,3",NA,resnet50,ImageNet,4,32,0.25
553,PointNet,ShapeNet,4,128,0.93,"0,1,2,3",NA,resnet50,ImageNet,4,64,0.37
554,PointNet,ShapeNet,4,128,0.8,"0,1,2,3",NA,resnet50,ImageNet,4,128,0.4
555,PointNet,ShapeNet,4,128,0.76,"0,1,2,3",NA,vgg19,ImageNet,4,32,0.48
556,PointNet,ShapeNet,4,128,0.63,"0,1,2,3",NA,vgg19,ImageNet,4,64,0.49
557,PointNet,ShapeNet,4,128,0.44,"0,1,2,3",NA,vgg19,ImageNet,4,128,0.66
558,PointNet,ShapeNet,4,128,1.0,"0,1,2,3",NA,DCGAN,LSUN,4,32,0.37
559,PointNet,ShapeNet,4,128,1.0,"0,1,2,3",NA,DCGAN,LSUN,4,64,0.36
560,PointNet,ShapeNet,4,128,1.0,"0,1,2,3",NA,DCGAN,LSUN,4,128,0.41
561,PointNet,ShapeNet,4,128,0.97,"0,1,2,3",NA,PointNet,ShapeNet,4,32,0.48
562,PointNet,ShapeNet,4,128,0.84,"0,1,2,3",NA,PointNet,ShapeNet,4,64,0.58
563,PointNet,ShapeNet,4,128,0.69,"0,1,2,3",NA,PointNet,ShapeNet,4,128,0.74
564,Bert-Large,WikiText,2,256/32,0.47,"0,1",TP24,resnet50,ImageNet,2,32,0.44
565,Bert-Large,WikiText,2,256/32,0.4,"0,1",TP24,resnet50,ImageNet,2,64,0.59
566,Bert-Large,WikiText,2,256/32,0.0,"0,1",TP24,resnet50,ImageNet,2,128,0.0
567,Bert-Large,WikiText,2,256/32,0.28,"0,1",TP24,vgg19,ImageNet,2,32,0.75
568,Bert-Large,WikiText,2,256/32,0.2,"0,1",TP24,vgg19,ImageNet,2,64,0.86
569,Bert-Large,WikiText,2,256/32,0.12,"0,1",TP24,vgg19,ImageNet,2,128,0.91
570,Bert-Large,WikiText,2,256/32,0.66,"0,1",TP24,DCGAN,LSUN,2,32,0.47
571,Bert-Large,WikiText,2,256/32,0.63,"0,1",TP24,DCGAN,LSUN,2,64,0.45
572,Bert-Large,WikiText,2,256/32,0.6,"0,1",TP24,DCGAN,LSUN,2,128,0.52
573,Bert-Large,WikiText,2,256/32,0.41,"0,1",TP24,PointNet,ShapeNet,2,32,0.7
574,Bert-Large,WikiText,2,256/32,0.26,"0,1",TP24,PointNet,ShapeNet,2,64,0.92
575,Bert-Large,WikiText,2,256/32,0.21,"0,1",TP24,PointNet,ShapeNet,2,128,0.99
576,Bert-Large,WikiText,4,256/64,0.41,"0,1,2,3",TP24,resnet50,ImageNet,4,32,0.43
577,Bert-Large,WikiText,4,256/64,0.0,"0,1,2,3",TP24,resnet50,ImageNet,4,64,0.0
578,Bert-Large,WikiText,4,256/64,0.0,"0,1,2,3",TP24,resnet50,ImageNet,4,128,0.0
579,Bert-Large,WikiText,4,256/64,0.22,"0,1,2,3",TP24,vgg19,ImageNet,4,32,0.7
580,Bert-Large,WikiText,4,256/64,0.0,"0,1,2,3",TP24,vgg19,ImageNet,4,64,0.0
581,Bert-Large,WikiText,4,256/64,0.0,"0,1,2,3",TP24,vgg19,ImageNet,4,128,0.0
582,Bert-Large,WikiText,4,256/64,0.58,"0,1,2,3",TP24,DCGAN,LSUN,4,32,0.4
583,Bert-Large,WikiText,4,256/64,0.55,"0,1,2,3",TP24,DCGAN,LSUN,4,64,0.37
584,Bert-Large,WikiText,4,256/64,0.51,"0,1,2,3",TP24,DCGAN,LSUN,4,128,0.5
585,Bert-Large,WikiText,4,256/64,0.32,"0,1,2,3",TP24,PointNet,ShapeNet,4,32,0.75
586,Bert-Large,WikiText,4,256/64,0.21,"0,1,2,3",TP24,PointNet,ShapeNet,4,64,0.86
587,Bert-Large,WikiText,4,256/64,0.0,"0,1,2,3",TP24,PointNet,ShapeNet,4,128,0.0
588,GPT2-Medium,WikiText,2,512/16,0.53,"0,1",TP24,resnet50,ImageNet,2,32,0.39
589,GPT2-Medium,WikiText,2,512/16,0.0,"0,1",TP24,resnet50,ImageNet,2,64,0.0
590,GPT2-Medium,WikiText,2,512/16,0.0,"0,1",TP24,resnet50,ImageNet,2,128,0.0
591,GPT2-Medium,WikiText,2,512/16,0.0,"0,1",TP24,vgg19,ImageNet,2,32,0.0
592,GPT2-Medium,WikiText,2,512/16,0.0,"0,1",TP24,vgg19,ImageNet,2,64,0.0
593,GPT2-Medium,WikiText,2,512/16,0.0,"0,1",TP24,vgg19,ImageNet,2,128,0.0
594,GPT2-Medium,WikiText,2,512/16,0.69,"0,1",TP24,DCGAN,LSUN,2,32,0.42
595,GPT2-Medium,WikiText,2,512/16,0.67,"0,1",TP24,DCGAN,LSUN,2,64,0.41
596,GPT2-Medium,WikiText,2,512/16,0.63,"0,1",TP24,DCGAN,LSUN,2,128,0.46
597,GPT2-Medium,WikiText,2,512/16,0.47,"0,1",TP24,PointNet,ShapeNet,2,32,0.64
598,GPT2-Medium,WikiText,2,512/16,0.29,"0,1",TP24,PointNet,ShapeNet,2,64,0.89
599,GPT2-Medium,WikiText,2,512/16,0.0,"0,1",TP24,PointNet,ShapeNet,2,128,0.0
600,GPT2-Medium,WikiText,4,512/32,0.0,"0,1,2,3",TP24,resnet50,ImageNet,4,32,0.0
601,GPT2-Medium,WikiText,4,512/32,0.0,"0,1,2,3",TP24,resnet50,ImageNet,4,64,0.0
602,GPT2-Medium,WikiText,4,512/32,0.0,"0,1,2,3",TP24,resnet50,ImageNet,4,128,0.0
603,GPT2-Medium,WikiText,4,512/32,0.0,"0,1,2,3",TP24,vgg19,ImageNet,4,32,0.0
604,GPT2-Medium,WikiText,4,512/32,0.0,"0,1,2,3",TP24,vgg19,ImageNet,4,64,0.0
605,GPT2-Medium,WikiText,4,512/32,0.0,"0,1,2,3",TP24,vgg19,ImageNet,4,128,0.0
606,GPT2-Medium,WikiText,4,512/32,0.0,"0,1,2,3",TP24,DCGAN,LSUN,4,32,0.0
607,GPT2-Medium,WikiText,4,512/32,0.0,"0,1,2,3",TP24,DCGAN,LSUN,4,64,0.0
608,GPT2-Medium,WikiText,4,512/32,0.0,"0,1,2,3",TP24,DCGAN,LSUN,4,128,0.0
609,GPT2-Medium,WikiText,4,512/32,0.0,"0,1,2,3",TP24,PointNet,ShapeNet,4,32,0.0
610,GPT2-Medium,WikiText,4,512/32,0.0,"0,1,2,3",TP24,PointNet,ShapeNet,4,64,0.0
611,GPT2-Medium,WikiText,4,512/32,0.0,"0,1,2,3",TP24,PointNet,ShapeNet,4,128,0.0
612,Bert-Large,WikiText,2,256/16,0.66,"0,1",DP24,resnet50,ImageNet,2,32,0.36
613,Bert-Large,WikiText,2,256/16,0.58,"0,1",DP24,resnet50,ImageNet,2,64,0.49
614,Bert-Large,WikiText,2,256/16,0.51,"0,1",DP24,resnet50,ImageNet,2,128,0.64
615,Bert-Large,WikiText,2,256/16,0.45,"0,1",DP24,vgg19,ImageNet,2,32,0.68
616,Bert-Large,WikiText,2,256/16,0.34,"0,1",DP24,vgg19,ImageNet,2,64,0.79
617,Bert-Large,WikiText,2,256/16,0.24,"0,1",DP24,vgg19,ImageNet,2,128,0.89
618,Bert-Large,WikiText,2,256/16,0.91,"0,1",DP24,DCGAN,LSUN,2,32,0.38
619,Bert-Large,WikiText,2,256/16,0.88,"0,1",DP24,DCGAN,LSUN,2,64,0.38
620,Bert-Large,WikiText,2,256/16,0.83,"0,1",DP24,DCGAN,LSUN,2,128,0.4
621,Bert-Large,WikiText,2,256/16,0.66,"0,1",DP24,PointNet,ShapeNet,2,32,0.57
622,Bert-Large,WikiText,2,256/16,0.49,"0,1",DP24,PointNet,ShapeNet,2,64,0.76
623,Bert-Large,WikiText,2,256/16,0.35,"0,1",DP24,PointNet,ShapeNet,2,128,0.87
624,Bert-Large,WikiText,4,256/16,0.68,"0,1,2,3",DP24,resnet50,ImageNet,4,32,0.35
625,Bert-Large,WikiText,4,256/16,0.6,"0,1,2,3",DP24,resnet50,ImageNet,4,64,0.57
626,Bert-Large,WikiText,4,256/16,0.48,"0,1,2,3",DP24,resnet50,ImageNet,4,128,0.63
627,Bert-Large,WikiText,4,256/16,0.42,"0,1,2,3",DP24,vgg19,ImageNet,4,32,0.66
628,Bert-Large,WikiText,4,256/16,0.31,"0,1,2,3",DP24,vgg19,ImageNet,4,64,0.78
629,Bert-Large,WikiText,4,256/16,0.22,"0,1,2,3",DP24,vgg19,ImageNet,4,128,0.85
630,Bert-Large,WikiText,4,256/16,0.91,"0,1,2,3",DP24,DCGAN,LSUN,4,32,0.37
631,Bert-Large,WikiText,4,256/16,0.88,"0,1,2,3",DP24,DCGAN,LSUN,4,64,0.35
632,Bert-Large,WikiText,4,256/16,0.83,"0,1,2,3",DP24,DCGAN,LSUN,4,128,0.44
633,Bert-Large,WikiText,4,256/16,0.63,"0,1,2,3",DP24,PointNet,ShapeNet,4,32,0.61
634,Bert-Large,WikiText,4,256/16,0.46,"0,1,2,3",DP24,PointNet,ShapeNet,4,64,0.76
635,Bert-Large,WikiText,4,256/16,0.0,"0,1,2,3",DP24,PointNet,ShapeNet,4,128,0.0
636,GPT2-Medium,WikiText,2,512/8,0.71,"0,1",DP24,resnet50,ImageNet,2,32,0.32
637,GPT2-Medium,WikiText,2,512/8,0.62,"0,1",DP24,resnet50,ImageNet,2,64,0.44
638,GPT2-Medium,WikiText,2,512/8,0.0,"0,1",DP24,resnet50,ImageNet,2,128,0.0
639,GPT2-Medium,WikiText,2,512/8,0.48,"0,1",DP24,vgg19,ImageNet,2,32,0.61
640,GPT2-Medium,WikiText,2,512/8,0.0,"0,1",DP24,vgg19,ImageNet,2,64,0.0
641,GPT2-Medium,WikiText,2,512/8,0.0,"0,1",DP24,vgg19,ImageNet,2,128,0.0
642,GPT2-Medium,WikiText,2,512/8,0.91,"0,1",DP24,DCGAN,LSUN,2,32,0.35
643,GPT2-Medium,WikiText,2,512/8,0.89,"0,1",DP24,DCGAN,LSUN,2,64,0.33
644,GPT2-Medium,WikiText,2,512/8,0.85,"0,1",DP24,DCGAN,LSUN,2,128,0.36
645,GPT2-Medium,WikiText,2,512/8,0.69,"0,1",DP24,PointNet,ShapeNet,2,32,0.52
646,GPT2-Medium,WikiText,2,512/8,0.55,"0,1",DP24,PointNet,ShapeNet,2,64,0.7
647,GPT2-Medium,WikiText,2,512/8,0.0,"0,1",DP24,PointNet,ShapeNet,2,128,0.0
648,GPT2-Medium,WikiText,4,512/8,0.0,"0,1,2,3",DP24,resnet50,ImageNet,4,32,0.0
649,GPT2-Medium,WikiText,4,512/8,0.0,"0,1,2,3",DP24,resnet50,ImageNet,4,64,0.0
650,GPT2-Medium,WikiText,4,512/8,0.0,"0,1,2,3",DP24,resnet50,ImageNet,4,128,0.0
651,GPT2-Medium,WikiText,4,512/8,0.47,"0,1,2,3",DP24,vgg19,ImageNet,4,32,0.64
652,GPT2-Medium,WikiText,4,512/8,0.0,"0,1,2,3",DP24,vgg19,ImageNet,4,64,0.0
653,GPT2-Medium,WikiText,4,512/8,0.0,"0,1,2,3",DP24,vgg19,ImageNet,4,128,0.0
654,GPT2-Medium,WikiText,4,512/8,0.91,"0,1,2,3",DP24,DCGAN,LSUN,4,32,0.32
655,GPT2-Medium,WikiText,4,512/8,0.89,"0,1,2,3",DP24,DCGAN,LSUN,4,64,0.3
656,GPT2-Medium,WikiText,4,512/8,0.84,"0,1,2,3",DP24,DCGAN,LSUN,4,128,0.39
657,GPT2-Medium,WikiText,4,512/8,0.0,"0,1,2,3",DP24,PointNet,ShapeNet,4,32,0.0
658,GPT2-Medium,WikiText,4,512/8,0.0,"0,1,2,3",DP24,PointNet,ShapeNet,4,64,0.0
659,GPT2-Medium,WikiText,4,512/8,0.0,"0,1,2,3",DP24,PointNet,ShapeNet,4,128,0.0
